{"loss": [0.922261118888855, 0.23127421736717224, 0.12734836339950562, 0.08478830009698868, 0.061312127858400345, 0.04980415105819702, 0.040869321674108505, 0.03548802062869072, 0.03094390593469143, 0.02769768424332142], "accuracy": [0.7227896451950073, 0.9248666167259216, 0.9583113789558411, 0.9724304676055908, 0.9806458353996277, 0.9841382503509521, 0.9869691729545593, 0.9889252185821533, 0.9902980327606201, 0.9912582635879517], "val_loss": [0.2763388752937317, 0.1720961332321167, 0.17351245880126953, 0.17287200689315796, 0.15866850316524506, 0.0982699766755104, 0.0969836488366127, 0.08702567964792252, 0.12087123095989227, 0.09319858998060226], "val_accuracy": [0.9114500284194946, 0.946790337562561, 0.9469610452651978, 0.9449692964553833, 0.9528796076774597, 0.9704643487930298, 0.9733098149299622, 0.9755292534828186, 0.9662531018257141, 0.9758138060569763]}